{
	"block.snow.break": {
		"sounds": [
			"dig/grass1",
			"dig/grass2",
			"dig/grass3",
			"dig/grass4"
		],
		"subtitle": "subtitles.block.generic.break"
	},
	"block.snow.fall": {
		"sounds": [
			"step/grass1",
			"step/grass2",
			"step/grass3",
			"step/grass4",
			"step/grass5",
			"step/grass6"
		]
	},
	"block.snow.hit": {
		"sounds": [
			"step/grass1",
			"step/grass2",
			"step/grass3",
			"step/grass4",
			"step/grass5",
			"step/grass6"
		],
		"subtitle": "subtitles.block.generic.hit"
	},
	"block.snow.place": {
		"sounds": [
			"dig/grass1",
			"dig/grass2",
			"dig/grass3",
			"dig/grass4"
		],
		"subtitle": "subtitles.block.generic.place"
	},
	"block.snow.step": {
		"sounds": [
			"step/grass1",
			"step/grass2",
			"step/grass3",
			"step/grass4",
			"step/grass5",
			"step/grass6"
		],
		"subtitle": "subtitles.block.generic.footsteps"
	}
}